{
  "changelog": [
    {
      "date": "10/02/2021",
      "code": 350,
      "name": "3.5.0",
      "items": [
        "סורק ברקודים מחוזק בלמידת מכונה. מעתה ניתן להפעיל דרך חדשה לסרוק מהאפשרויות. ניתן להחליף בין מנועי סריקת הברקודים בכל עת דרך ההגדרות.",
        "מזמינים אותך לסייע למתנדבי Open Food Facts לשפר את היישומון. יש לך את האפשרות לשלוח נתונים אלמוניים ודיווחי קריסות. ניתן להפעיל אות להשבית את התכונה הזאת בכל עת דרך ההגדרות."
      ]
    }
  ]
}
