{
  "changelog": [
    {
      "date": "10/02/2021",
      "code": 350,
      "name": "3.5.0",
      "items": [
        "Machine-Learning enhanced barcode scanner. You can now enable a new way to scan from the options. You can switch the barcode scanner engine at any time from the settings.",
        "Help the Open Food Facts volunteers improve the app. You have the option to send anonymous analytics and crash reports. It can be enabled and disabled at any time from the settings."
      ]
    }
  ]
}
