{
  "changelog": [
    {
      "date": "10.02.2021",
      "code": 350,
      "name": "3.5.0",
      "items": [
        "Verbesserter Strichcode-Scanner durch maschinelles Lernen. Sie können jetzt in den Optionen eine neue Art des Einlesens aktivieren. Sie können die Verarbeitung des Strichcode-Scanners jederzeit in den Einstellungen umschalten.",
        "Helfen Sie den Freiwilligen von Open Food Facts, die App zu verbessern. Sie haben die Möglichkeit, anonyme Analyse- und Absturzberichte zu senden. Dies kann jederzeit in den Einstellungen aktiviert/deaktiviert werden."
      ]
    }
  ]
}
